case_id,seed,split,policy,mean_selection_regret,final_selection_regret,mean_shots,budget_utilization,confirmation_coverage_95,model_coverage_95,confirmation_zero_se_fraction,mean_confirmation_standard_error,mean_model_standard_deviation,mean_absolute_prediction_error
stable,7,development,reuse,0.0010010969051196805,1.8052226380405045e-13,2008.0,0.98046875,1.0,0.5,0.0,0.018461694755374104,0.012060212757184958,0.02640241175057012
stable,7,development,driftqas,0.0010010969051196805,1.8052226380405045e-13,2008.0,0.98046875,1.0,0.5,0.0,0.018461694755374104,0.012060212757184958,0.02640241175057012
stable,7,development,ideal_only,0.0,0.0,408.0,0.19921875,1.0,1.0,0.0,0.016254990213431953,0.1,0.0040245089221466745
stable,7,development,fresh_racing,0.0010010969051196805,1.8052226380405045e-13,2048.0,1.0,1.0,0.75,0.0,0.018461694755374104,0.025877854455363877,0.04509494948943504
stable,7,development,reuse_racing,0.002002193810058839,0.0,2048.0,1.0,0.75,0.5,0.0,0.018992328850156656,0.010387555849093878,0.019317937325457724
stable,7,development,global_racing,0.002002193810058839,0.0,2048.0,1.0,0.75,0.5,0.0,0.018992328850156656,0.010387555849093878,0.019317937325457724
stable,7,development,driftqas_racing,0.002002193810058839,0.0,2048.0,1.0,0.75,0.5,0.0,0.018992328850156656,0.010387555849093878,0.019317937325457724
stable,7,development,driftqas_racing_uniform,0.0020021938101491,1.8052226380405045e-13,2048.0,1.0,0.75,0.75,0.0,0.020702130291905457,0.017786278342933073,0.030627104778961578
stable,19,development,reuse,0.0010500902774957521,2.8648793526375727e-06,2008.0,0.98046875,1.0,0.75,0.0,0.018246886648491986,0.00924005707582709,0.01296836714405819
stable,19,development,driftqas,0.0010500902774957521,2.8648793526375727e-06,2008.0,0.98046875,1.0,0.75,0.0,0.018246886648491986,0.00924005707582709,0.01296836714405819
stable,19,development,ideal_only,0.0,0.0,408.0,0.19921875,1.0,1.0,0.0,0.016907664314575768,0.1,0.004024508922146897
stable,19,development,fresh_racing,0.0021340598598645344,0.004194631351277733,2048.0,1.0,1.0,0.25,0.0,0.016368330467372707,0.025917671630704252,0.04861203970783934
stable,19,development,reuse_racing,0.0022659265308815346,0.004194631351277733,2048.0,1.0,1.0,0.75,0.0,0.017616099166174407,0.010424325848356421,0.012695062535551638
stable,19,development,global_racing,0.0022659265308815346,0.004194631351277733,2048.0,1.0,1.0,0.75,0.0,0.017616099166174407,0.010424325848356421,0.012695062535551638
stable,19,development,driftqas_racing,0.0022659265308815346,0.004194631351277733,2048.0,1.0,1.0,0.75,0.0,0.017616099166174407,0.010424325848356421,0.012695062535551638
stable,19,development,driftqas_racing_uniform,0.0010493740576575927,0.0,2048.0,1.0,1.0,1.0,0.0,0.016132470616710685,0.016894320934962723,0.015024842906638414
stable,31,development,reuse,0.0030767192310653946,1.3701857271009033e-07,2038.0,0.9951171875,1.0,0.0,0.0,0.019441045820098875,0.00915116895836924,0.02592617468358971
stable,31,development,driftqas,0.0030767192310653946,1.3701857271009033e-07,2038.0,0.9951171875,1.0,0.0,0.0,0.019441045820098875,0.00915116895836924,0.02592617468358971
stable,31,development,ideal_only,0.0,0.0,408.0,0.19921875,1.0,1.0,0.0,0.016657600773535456,0.1,0.004024508922147341
stable,31,development,fresh_racing,0.0030767192310653946,1.3701857271009033e-07,2048.0,1.0,1.0,0.75,0.0,0.018627552490946015,0.030280168784375075,0.04616223908312783
stable,31,development,reuse_racing,0.001041488096328591,1.7993917467151732e-10,2048.0,1.0,1.0,0.25,0.0,0.017403817768592476,0.01414856520924205,0.036422441646346726
stable,31,development,global_racing,0.001041488096328591,1.7993917467151732e-10,2048.0,1.0,1.0,0.25,0.0,0.017403817768592476,0.01414856520924205,0.036422441646346726
stable,31,development,driftqas_racing,0.001041488096328591,1.7993917467151732e-10,2048.0,1.0,1.0,0.25,0.0,0.017403817768592476,0.01414856520924205,0.036422441646346726
stable,31,development,driftqas_racing_uniform,0.0010415565156453588,1.3701857271009033e-07,2048.0,1.0,1.0,0.75,0.0,0.01817272597879331,0.017015660950970804,0.03525702207537357
stable,43,development,reuse,2.918712339727847e-05,2.7895463716731683e-12,2008.0,0.98046875,1.0,0.0,0.0,0.01700788986255935,0.008074960710899037,0.021817805929682965
stable,43,development,driftqas,2.918712339727847e-05,2.7895463716731683e-12,2008.0,0.98046875,1.0,0.0,0.0,0.01700788986255935,0.008074960710899037,0.021817805929682965
stable,43,development,ideal_only,0.0,0.0,408.0,0.19921875,1.0,1.0,0.0,0.018547025032485474,0.1,0.0040245089221466745
stable,43,development,fresh_racing,0.0020102899080846615,2.0519419090536672e-06,2048.0,1.0,1.0,0.0,0.0,0.01911339465461933,0.02147278734577847,0.05131531975284159
stable,43,development,reuse_racing,2.9700108177155293e-05,2.0519419090536672e-06,2048.0,1.0,1.0,0.75,0.0,0.01710621016898415,0.015373246016889911,0.02458432752868278
stable,43,development,global_racing,2.9700108177155293e-05,2.0519419090536672e-06,2048.0,1.0,1.0,0.75,0.0,0.01710621016898415,0.015373246016889911,0.02458432752868278
stable,43,development,driftqas_racing,2.9700108177155293e-05,2.0519419090536672e-06,2048.0,1.0,1.0,0.75,0.0,0.01710621016898415,0.015373246016889911,0.02458432752868278
stable,43,development,driftqas_racing_uniform,0.002021679114096009,8.692605144133836e-06,2048.0,1.0,1.0,0.75,0.0,0.018799567218199167,0.01734924793656388,0.027391077175202783
stable,59,development,reuse,4.981227208489258e-09,9.962454416978517e-09,2008.0,0.98046875,1.0,0.25,0.0,0.017731459312525455,0.008201087255047819,0.0178466314070026
stable,59,development,driftqas,4.981227208489258e-09,9.962454416978517e-09,2008.0,0.98046875,1.0,0.25,0.0,0.017731459312525455,0.008201087255047819,0.0178466314070026
stable,59,development,ideal_only,0.0,0.0,408.0,0.19921875,0.75,1.0,0.0,0.01650142390917729,0.1,0.004024508922145564
stable,59,development,fresh_racing,0.0021089258575243686,0.0003077400933919616,2048.0,1.0,0.75,1.0,0.0,0.01739975711823464,0.024037778195551234,0.03485880873664787
stable,59,development,reuse_racing,7.471840812733888e-09,9.962454416978517e-09,2048.0,1.0,1.0,1.0,0.0,0.018632102523492566,0.01215727865972728,0.020430642809427135
stable,59,development,global_racing,7.471840812733888e-09,9.962454416978517e-09,2048.0,1.0,1.0,1.0,0.0,0.018632102523492566,0.01215727865972728,0.020430642809427135
stable,59,development,driftqas_racing,7.471840812733888e-09,9.962454416978517e-09,2048.0,1.0,1.0,1.0,0.0,0.018632102523492566,0.01215727865972728,0.020430642809427135
stable,59,development,driftqas_racing_uniform,7.471840812733888e-09,9.962454416978517e-09,2048.0,1.0,1.0,1.0,0.0,0.018632102523492566,0.016606127199686124,0.02143292489233256
abrupt-mild,7,development,reuse,0.005944516188981841,0.011889032377963682,2018.0,0.9853515625,0.75,0.25,0.0,0.017936550343920672,0.010662647068823972,0.030037851236119184
abrupt-mild,7,development,driftqas,0.005944516188981841,0.011889032377963682,2018.0,0.9853515625,0.75,0.25,0.0,0.017936550343920672,0.010670298527976156,0.02997689832488626
abrupt-mild,7,development,ideal_only,0.005944516188981841,0.011889032377963682,408.0,0.19921875,0.75,1.0,0.0,0.017936550343920672,0.1,0.018110290149660146
abrupt-mild,7,development,fresh_racing,0.003013093983216697,0.0,2048.0,1.0,0.75,0.75,0.0,0.01760526582874106,0.028266830833797538,0.041720086031676484
abrupt-mild,7,development,reuse_racing,0.005944516188981841,0.011889032377963682,2048.0,1.0,0.75,0.5,0.0,0.017936550343920672,0.015269247651911061,0.034834789526600685
abrupt-mild,7,development,global_racing,0.013671573608678989,0.011889032377963682,2048.0,1.0,0.75,0.75,0.0,0.020055054035703835,0.021713063395448696,0.049635225896724366
abrupt-mild,7,development,driftqas_racing,0.0029722580944909205,0.0,2048.0,1.0,0.75,0.75,0.0,0.01604955668137894,0.01782603940999301,0.02997075998144977
abrupt-mild,7,development,driftqas_racing_uniform,0.005944516188981841,0.011889032377963682,2048.0,1.0,0.75,0.25,0.0,0.017936550343920672,0.013440217204344067,0.029764260778010643
abrupt-mild,19,development,reuse,0.006026547125145165,0.01221439201807284,2008.0,0.98046875,1.0,0.25,0.0,0.018532289443994182,0.010734520481795101,0.029736272567361444
abrupt-mild,19,development,driftqas,0.006026547125145165,0.01221439201807284,2008.0,0.98046875,1.0,0.25,0.0,0.018532289443994182,0.010759864416056612,0.029973899905007206
abrupt-mild,19,development,ideal_only,0.005944516188902682,0.011889032377805364,408.0,0.19921875,1.0,1.0,0.0,0.019464347890611522,0.1,0.018110290149662478
abrupt-mild,19,development,fresh_racing,0.004279060052505168,0.0,2048.0,1.0,1.0,0.5,0.0,0.01569627406497139,0.022596540767024713,0.061075674914567224
abrupt-mild,19,development,reuse_racing,0.005944516188902682,0.011889032377805364,2048.0,1.0,1.0,0.5,0.0,0.019464347890611522,0.01473614519126375,0.04756777785435867
abrupt-mild,19,development,global_racing,0.006026547125145165,0.01221439201807284,2048.0,1.0,1.0,0.75,0.0,0.018532289443994182,0.021292683632782763,0.04711597865277256
abrupt-mild,19,development,driftqas_racing,0.006026547125145165,0.01221439201807284,2048.0,1.0,1.0,0.75,0.0,0.018532289443994182,0.021292683632782763,0.04711597865277256
abrupt-mild,19,development,driftqas_racing_uniform,0.007026952693393318,0.01221439201807284,2048.0,1.0,1.0,0.75,0.0,0.021309953868415527,0.01979276312130409,0.027467920596650486
abrupt-mild,31,development,reuse,0.010014943222169781,0.01188903255147955,2008.0,0.98046875,1.0,0.25,0.0,0.022767888098096573,0.010857614048040781,0.031106057061124792
abrupt-mild,31,development,driftqas,0.010014943222169781,0.01188903255147955,2008.0,0.98046875,1.0,0.25,0.0,0.022767888098096573,0.010843486050759018,0.030922503636549026
abrupt-mild,31,development,ideal_only,0.0059445161889349896,0.011889032377869979,408.0,0.19921875,0.75,1.0,0.0,0.020501388530779527,0.1,0.018110290149662145
abrupt-mild,31,development,fresh_racing,0.002972291234143054,0.0,2048.0,1.0,1.0,0.5,0.0,0.01829839627092703,0.01952528479992212,0.04454661006327437
abrupt-mild,31,development,reuse_racing,0.0059445163657093625,0.01188903255147955,2048.0,1.0,1.0,0.0,0.0,0.019872572296837497,0.01050163720891904,0.043540359091370495
abrupt-mild,31,development,global_racing,0.002972291234143054,0.011889164576693867,2048.0,1.0,0.75,0.5,0.0,0.015720375654491085,0.017057557920383652,0.03427095866852087
abrupt-mild,31,development,driftqas_racing,0.0029722912341438312,3.1086244689504383e-15,2048.0,1.0,1.0,0.5,0.0,0.01828983037969887,0.014743214835522885,0.025721601529023752
abrupt-mild,31,development,driftqas_racing_uniform,8.99703644918759e-11,0.0,2048.0,1.0,1.0,0.75,0.0,0.01505364010985684,0.013894220415651007,0.018028062249218768
abrupt-mild,43,development,reuse,0.0010289974034114469,0.0,2008.0,0.98046875,0.75,1.0,0.0,0.014396872905516975,0.008985211812257816,0.0072506488153779025
abrupt-mild,43,development,driftqas,0.0010289974034114469,0.0,2008.0,0.98046875,0.75,1.0,0.0,0.014396872905516975,0.008986633304154678,0.007292952569797728
abrupt-mild,43,development,ideal_only,0.005944516188986837,0.011889032377973674,408.0,0.19921875,1.0,1.0,0.0,0.019761765583715903,0.1,0.01811029014965937
abrupt-mild,43,development,fresh_racing,0.006975610301176938,0.011889032377973674,2048.0,1.0,0.75,0.5,0.0,0.02079495349849935,0.028998403610366097,0.059106177502206425
abrupt-mild,43,development,reuse_racing,0.005954245231929889,0.011889032380665077,2048.0,1.0,1.0,0.5,0.0,0.01951845163906786,0.015862685620235583,0.02755288789154281
abrupt-mild,43,development,global_racing,0.005964126984677021,0.011891012141022061,2048.0,1.0,1.0,1.0,0.0,0.020800077521454064,0.019801628573691766,0.02189117228370213
abrupt-mild,43,development,driftqas_racing,0.0029913739494215053,0.0,2048.0,1.0,1.0,1.0,0.0,0.018094049726645658,0.019864504100848324,0.02427452846032402
abrupt-mild,43,development,driftqas_racing_uniform,0.0029859912103962216,0.0,2048.0,1.0,0.75,0.5,0.0,0.017023583059243553,0.022535634022886462,0.03373446418507048
abrupt-mild,59,development,reuse,0.007950416323858067,0.01188904199003571,2018.0,0.9853515625,1.0,0.25,0.0,0.021317915555014777,0.01031154150150811,0.024876742100218452
abrupt-mild,59,development,driftqas,0.007950416323858067,0.01188904199003571,2018.0,0.9853515625,1.0,0.25,0.0,0.021317915555014777,0.010429597104245377,0.022468225097328265
abrupt-mild,59,development,ideal_only,0.0059445161890094855,0.011889032378018971,408.0,0.19921875,1.0,1.0,0.0,0.01991793904359695,0.1,0.018110290149657704
abrupt-mild,59,development,fresh_racing,0.013762378685914067,0.0428527326602286,2022.0,0.9873046875,1.0,0.5,0.0,0.021465632584264968,0.025255414758244214,0.07177408356854131
abrupt-mild,59,development,reuse_racing,0.006246843768196064,0.012185947443000167,2022.0,0.9873046875,1.0,0.25,0.0,0.020562116322907636,0.014446904627743796,0.041960864802490005
abrupt-mild,59,development,global_racing,0.003126130544204908,0.0,2022.0,0.9873046875,1.0,0.5,0.0,0.018148717640678453,0.01977394804744782,0.04742554420600159
abrupt-mild,59,development,driftqas_racing,0.0031417950048324705,6.265784251024975e-05,2022.0,0.9873046875,1.0,0.25,0.0,0.018151159733487215,0.01931717941480644,0.049591699689705726
abrupt-mild,59,development,driftqas_racing_uniform,0.00018519896795110569,6.265784251024975e-05,2048.0,1.0,1.0,0.75,0.0,0.016368089886419992,0.01578009821827933,0.03092086626513668
abrupt-stress,7,development,reuse,0.0,0.0,2018.0,0.9853515625,0.5,0.75,0.0,0.015305022634893094,0.007926555553726225,0.014157140592729711
abrupt-stress,7,development,driftqas,0.0,0.0,2018.0,0.9853515625,0.5,0.75,0.0,0.015305022634893094,0.007936465833363328,0.014185485788360264
abrupt-stress,7,development,ideal_only,0.038140587566155126,0.07628117513231025,408.0,0.19921875,0.5,1.0,0.0,0.02178832454565327,0.1,0.05030636152683343
abrupt-stress,7,development,fresh_racing,4.083588868225574e-05,0.0,2048.0,1.0,0.5,0.5,0.0,0.014877131168176787,0.02083523564046812,0.038720903651459915
abrupt-stress,7,development,reuse_racing,0.0,0.0,2048.0,1.0,0.5,0.5,0.0,0.015305022634893094,0.01487036716678093,0.02702942111773854
abrupt-stress,7,development,global_racing,1.0880185641326534e-14,0.0,2048.0,1.0,0.75,0.5,0.0,0.015331252352011448,0.01770951961288676,0.03445486741635023
abrupt-stress,7,development,driftqas_racing,0.0,0.0,2048.0,1.0,0.5,0.75,0.0,0.015305022634893094,0.015264911462893615,0.024962330797622945
abrupt-stress,7,development,driftqas_racing_uniform,0.0,0.0,2048.0,1.0,0.5,0.5,0.0,0.015305022634893094,0.012208151735058643,0.020819521930683038
abrupt-stress,19,development,reuse,0.0,0.0,2008.0,0.98046875,1.0,0.5,0.0,0.013631546741406982,0.00902644480437085,0.020777644463244815
abrupt-stress,19,development,driftqas,0.0,0.0,2008.0,0.98046875,1.0,0.5,0.0,0.013631546741406982,0.009038207093024483,0.02076837562843653
abrupt-stress,19,development,ideal_only,0.03814058756608085,0.0762811751321617,408.0,0.19921875,1.0,1.0,0.0,0.020117588543149094,0.1,0.05030636152684065
abrupt-stress,19,development,fresh_racing,0.041582365462039195,0.0,2048.0,1.0,1.0,0.25,0.0,0.01932356142591109,0.03244926584828441,0.09768840906410226
abrupt-stress,19,development,reuse_racing,0.019070293783040426,0.0,2048.0,1.0,1.0,0.5,0.0,0.016789566063357117,0.014539449728500128,0.05907264013151803
abrupt-stress,19,development,global_racing,0.0,0.0,2048.0,1.0,1.0,0.75,0.0,0.013631546741406982,0.0173006470572791,0.03283538306999434
abrupt-stress,19,development,driftqas_racing,0.0,0.0,2048.0,1.0,1.0,0.75,0.0,0.013631546741406982,0.017304988847174074,0.03207252830899937
abrupt-stress,19,development,driftqas_racing_uniform,0.001001096594423767,0.0,2048.0,1.0,1.0,0.75,0.0,0.0152379996156164,0.01400624694230291,0.021427114327844943
abrupt-stress,31,development,reuse,0.004070393940127204,3.1086244689504383e-15,2018.0,0.9853515625,1.0,0.5,0.0,0.01736587819356728,0.009265404932757034,0.024070064685371262
abrupt-stress,31,development,driftqas,0.004070393940127204,3.1086244689504383e-15,2018.0,0.9853515625,1.0,0.5,0.0,0.01736587819356728,0.009274119292889465,0.024018160787785514
abrupt-stress,31,development,ideal_only,0.038140587566111606,0.07628117513222321,408.0,0.19921875,1.0,1.0,0.0,0.023506308595031097,0.1,0.05030636152683876
abrupt-stress,31,development,fresh_racing,8.99703644918759e-11,0.0,2048.0,1.0,1.0,0.75,0.0,0.015067876718052386,0.02686963003848112,0.04104940499274967
abrupt-stress,31,development,reuse_racing,0.01907029391281173,3.1086244689504383e-15,2048.0,1.0,1.0,0.25,0.0,0.018213394765638873,0.010364292317872921,0.05016640273853873
abrupt-stress,31,development,global_racing,8.997114164799314e-11,3.1086244689504383e-15,2048.0,1.0,1.0,0.5,0.0,0.015073988128126305,0.010503719692982494,0.02542260331028018
abrupt-stress,31,development,driftqas_racing,8.997114164799314e-11,3.1086244689504383e-15,2048.0,1.0,1.0,0.5,0.0,0.015073988128126305,0.010488681598213794,0.022662429765184677
abrupt-stress,31,development,driftqas_racing_uniform,8.997114164799314e-11,3.1086244689504383e-15,2048.0,1.0,1.0,0.75,0.0,0.015073988128126305,0.013451871237644233,0.017931410967281958
abrupt-stress,43,development,reuse,0.0010289974034114469,0.0,2008.0,0.98046875,0.75,1.0,0.0,0.01441092924373569,0.008943872206756638,0.007895254898557691
abrupt-stress,43,development,driftqas,0.0010289974034114469,0.0,2008.0,0.98046875,0.75,1.0,0.0,0.01441092924373569,0.008947627518254026,0.007976382491937661
abrupt-stress,43,development,ideal_only,0.03814058756615879,0.07628117513231758,408.0,0.19921875,1.0,1.0,0.0,0.0229844803349275,0.1,0.05030636152683132
abrupt-stress,43,development,fresh_racing,0.020099291187107737,0.0,2048.0,1.0,0.75,0.5,0.0,0.018609334075932425,0.02892834663061545,0.049752520480901175
abrupt-stress,43,development,reuse_racing,0.01908002282529364,0.0,2048.0,1.0,1.0,0.75,0.0,0.019215725312479847,0.016213859479131447,0.037137538218038
abrupt-stress,43,development,global_racing,9.729041597350552e-06,0.0,2048.0,1.0,1.0,1.0,0.0,0.015017320480283113,0.022167823527581086,0.014931788446654715
abrupt-stress,43,development,driftqas_racing,9.729041597350552e-06,0.0,2022.0,0.9873046875,1.0,1.0,0.0,0.015017320480283113,0.01706430196402898,0.01692193897139377
abrupt-stress,43,development,driftqas_racing_uniform,4.346302572066918e-06,0.0,2048.0,1.0,0.75,0.5,0.0,0.013946853812881008,0.010446176199596644,0.019215899198037623
abrupt-stress,59,development,reuse,0.002021559789467775,0.0,2038.0,0.9951171875,1.0,0.75,0.0,0.01681285186299053,0.009787894903076164,0.014094013642983738
abrupt-stress,59,development,driftqas,0.002021559789467775,0.0,2018.0,0.9853515625,1.0,0.75,0.0,0.01681285186299053,0.009766333071766355,0.013578385942137394
abrupt-stress,59,development,ideal_only,0.038140587566179884,0.07628117513235977,408.0,0.19921875,1.0,1.0,0.0,0.023425926430274066,0.1,0.0503063615268281
abrupt-stress,59,development,fresh_racing,7.69350233479904e-05,0.0,2022.0,0.9873046875,1.0,0.75,0.0,0.015510159928752945,0.017034323896377136,0.0349068299336206
abrupt-stress,59,development,reuse_racing,0.019292206865510808,0.0,2022.0,0.9873046875,1.0,0.5,0.0,0.01983139819460146,0.014230417460848495,0.0537136545414148
abrupt-stress,59,development,global_racing,0.0001538700466959808,0.0,2022.0,0.9873046875,1.0,0.75,0.0,0.01637038470763099,0.016434264161324694,0.03190242438280083
abrupt-stress,59,development,driftqas_racing,0.00016953450732354325,0.0,2022.0,0.9873046875,1.0,0.75,0.0,0.016358002219868325,0.014944537636904263,0.03175690648001933
abrupt-stress,59,development,driftqas_racing_uniform,0.00016953450732354325,0.0,2048.0,1.0,1.0,0.75,0.0,0.016358002219868325,0.016230765083589702,0.03098485636673226
recurring-stress,7,development,reuse,0.0010827683717996028,0.00016334355472902296,2028.0,0.990234375,1.0,0.25,0.0,0.019783843175509033,0.00960299261514688,0.02834523835333469
recurring-stress,7,development,driftqas,0.0010827683717996028,0.00016334355472902296,2028.0,0.990234375,1.0,0.25,0.0,0.019783843175509033,0.009616127049909563,0.02844336997716751
recurring-stress,7,development,ideal_only,0.019070293783077563,0.0,408.0,0.19921875,1.0,1.0,0.0,0.021589496765830114,0.1,0.027165435224490053
recurring-stress,7,development,fresh_racing,0.02014834242903868,0.0,2048.0,1.0,1.0,0.5,0.0,0.02235387251957852,0.027972138655053796,0.06124653052195522
recurring-stress,7,development,reuse_racing,0.024182858785449846,0.00016334355472902296,2048.0,1.0,1.0,0.5,0.0,0.021126605875122915,0.01199282904336687,0.04808639519497154
recurring-stress,7,development,global_racing,0.0010827683717996028,0.00016334355472902296,2048.0,1.0,1.0,0.5,0.0,0.019783843175509033,0.013836784224017105,0.03265369788771333
recurring-stress,7,development,driftqas_racing,0.0010827683717996028,0.00016334355472902296,2048.0,1.0,1.0,0.5,0.0,0.019783843175509033,0.013772339836461664,0.03043860574706575
recurring-stress,7,development,driftqas_racing_uniform,4.0835888693135924e-05,0.0,2048.0,1.0,1.0,0.75,0.0,0.018395658947834116,0.014250658854505922,0.021609758844021332
recurring-stress,19,development,reuse,0.00016861085524266795,0.0003372217104853359,2018.0,0.9853515625,1.0,1.0,0.0,0.01742162254235356,0.010545668757322622,0.007034602261721867
recurring-stress,19,development,driftqas,0.00016861085524266795,0.0003372217104853359,2018.0,0.9853515625,1.0,1.0,0.0,0.01742162254235356,0.010552343884733912,0.007034831252907492
recurring-stress,19,development,ideal_only,0.019070293783040426,0.0,408.0,0.19921875,1.0,1.0,0.0,0.021332967767963465,0.1,0.027165435224493772
recurring-stress,19,development,fresh_racing,0.02113660668733408,0.004194631351277733,2048.0,1.0,1.0,0.25,0.0,0.018877257913831096,0.027716696154975667,0.05259700520136168
recurring-stress,19,development,reuse_racing,0.04151764244269296,0.0003372217104853359,2048.0,1.0,1.0,0.5,0.0,0.020471343197660107,0.014277483567513141,0.07362054446997224
recurring-stress,19,development,global_racing,0.0034678629426099783,0.004901848191947833,2048.0,1.0,1.0,0.25,0.0,0.0163041582451535,0.015454937854839541,0.03233913053098192
recurring-stress,19,development,driftqas_racing,0.0034678629426099783,0.004901848191947833,2048.0,1.0,1.0,0.25,0.0,0.0163041582451535,0.01687101348291304,0.02725044053705039
recurring-stress,19,development,driftqas_racing_uniform,0.0030508165399081855,0.004067755386544247,2048.0,1.0,1.0,0.5,0.0,0.01704510267839608,0.01653857560428594,0.02898149540900563
recurring-stress,31,development,reuse,0.005204450190977539,0.008140787880252853,2018.0,0.9853515625,0.75,0.25,0.0,0.01644987397503201,0.008851765051048484,0.0231007031516417
recurring-stress,31,development,driftqas,0.005204450190977539,0.008140787880252853,2018.0,0.9853515625,0.75,0.25,0.0,0.01644987397503201,0.008854277283957327,0.023109098124190874
recurring-stress,31,development,ideal_only,0.019070293783055803,0.0,408.0,0.19921875,1.0,1.0,0.0,0.022889389171602277,0.1,0.02716543522449305
recurring-stress,31,development,fresh_racing,0.0026261145718313728,0.00416595184549684,2048.0,1.0,0.75,1.0,0.0,0.01579332087564772,0.02790398991596645,0.03146367805678302
recurring-stress,31,development,reuse_racing,0.04236083463141427,1.3701857271009033e-07,2048.0,1.0,0.75,0.75,0.0,0.020033556995784338,0.014702620250731225,0.06393637049199757
recurring-stress,31,development,global_racing,0.003169287475557503,1.3701857271009033e-07,2048.0,1.0,0.75,0.5,0.0,0.014673258028793042,0.01775814214298594,0.03163208869158424
recurring-stress,31,development,driftqas_racing,0.003169287475557503,1.3701857271009033e-07,2048.0,1.0,0.75,0.75,0.0,0.014673258028793042,0.01578112366657813,0.022332010442271233
recurring-stress,31,development,driftqas_racing_uniform,0.00316928747555828,1.3701857271009033e-07,2048.0,1.0,0.75,0.75,0.0,0.014673868375848876,0.01731469947170908,0.024452628218680383
recurring-stress,43,development,reuse,5.129854772634168e-07,2.0519419090536672e-06,2008.0,0.98046875,1.0,0.25,0.0,0.017469041759516437,0.00827246223947062,0.018807217182523872
recurring-stress,43,development,driftqas,5.129854772634168e-07,2.0519419090536672e-06,2008.0,0.98046875,1.0,0.25,0.0,0.017469041759516437,0.008277977455497422,0.018779559348765407
recurring-stress,43,development,ideal_only,0.019070293783079395,0.0,408.0,0.19921875,1.0,1.0,0.0,0.02032963057069362,0.1,0.027165435224489
recurring-stress,43,development,fresh_racing,0.005090413867251675,0.004077073450045932,2048.0,1.0,1.0,0.5,0.0,0.016257279709551826,0.026915310948387172,0.049419516242059924
recurring-stress,43,development,reuse_racing,0.019071260465650053,2.7895463716731683e-12,2048.0,1.0,0.75,0.5,0.0,0.018066673106283234,0.0160412189928409,0.04610568847314661
recurring-stress,43,development,global_racing,0.019071319754650817,2.0519419090536672e-06,2048.0,1.0,1.0,0.5,0.0,0.02076226128989257,0.02044800526722699,0.04395782848361157
recurring-stress,43,development,driftqas_racing,5.129854772634168e-07,0.0,2048.0,1.0,1.0,0.5,0.0,0.01619829808530577,0.017923047807200877,0.03431247676012167
recurring-stress,43,development,driftqas_racing_uniform,0.0020000478810100475,0.0,2048.0,1.0,1.0,0.75,0.0,0.01632044947315164,0.01737228609468136,0.03162112970997638
recurring-stress,59,development,reuse,2.490613604244629e-09,0.0,2018.0,0.9853515625,1.0,0.5,0.0,0.019729659071342356,0.00947064545022064,0.019193176331506967
recurring-stress,59,development,driftqas,2.490613604244629e-09,0.0,2018.0,0.9853515625,1.0,0.5,0.0,0.019729659071342356,0.00948081794075564,0.019184969708044286
recurring-stress,59,development,ideal_only,0.019070293783089942,0.0,408.0,0.19921875,0.75,1.0,0.0,0.02104281869593445,0.1,0.027165435224486834
recurring-stress,59,development,fresh_racing,7.693751396159465e-05,0.0,2048.0,1.0,1.0,0.25,0.0,0.017479191247085725,0.02612209312394415,0.04497144988812596
recurring-stress,59,development,reuse_racing,0.00015387253730958506,0.0003077400933919616,2048.0,1.0,1.0,0.75,0.0,0.017574081802561384,0.014497286794414557,0.018064677951253383
recurring-stress,59,development,global_racing,0.00015387253730958506,0.0003077400933919616,2048.0,1.0,1.0,0.75,0.0,0.017574081802561384,0.016620638994735825,0.02200286572664878
recurring-stress,59,development,driftqas_racing,7.693751396159465e-05,0.0,2048.0,1.0,1.0,0.75,0.0,0.017479191247085725,0.01653020163679364,0.019573074321190764
recurring-stress,59,development,driftqas_racing_uniform,7.693751396159465e-05,0.0,2048.0,1.0,1.0,0.75,0.0,0.017479191247085725,0.017416163282402062,0.02083987144228472
