case_id,seed,changed_transitions,rank_reversals,mean_transition_opportunity,max_transition_opportunity,mean_initial_best_regret,exposure_shift_spearman,zero_exposure_pairs,zero_exposure_violations
stable,101,0,0,0.0,0.0,0.0,,24,0
stable,102,0,0,0.0,0.0,0.0,,24,0
stable,103,0,0,0.0,0.0,0.0,,24,0
stable,104,0,0,0.0,0.0,0.0,,24,0
stable,105,0,0,0.0,0.0,0.0,,24,0
stable,106,0,0,0.0,0.0,0.0,,24,0
stable,107,0,0,0.0,0.0,0.0,,24,0
stable,108,0,0,0.0,0.0,0.0,,24,0
stable,109,0,0,0.0,0.0,0.0,,24,0
stable,110,0,0,0.0,0.0,0.0,,24,0
stable,111,0,0,0.0,0.0,0.0,,24,0
stable,112,0,0,0.0,0.0,0.0,,24,0
stable,113,0,0,0.0,0.0,0.0,,24,0
stable,114,0,0,0.0,0.0,0.0,,24,0
stable,115,0,0,0.0,0.0,0.0,,24,0
stable,116,0,0,0.0,0.0,0.0,,24,0
stable,117,0,0,0.0,0.0,0.0,,24,0
stable,118,0,0,0.0,0.0,0.0,,24,0
stable,119,0,0,0.0,0.0,0.0,,24,0
stable,120,0,0,0.0,0.0,0.0,,24,0
abrupt-mild,101,1,1,0.003963010792599568,0.011889032377798703,0.005944516188899351,0.9505863757867167,18,0
abrupt-mild,102,1,1,0.003963010792621846,0.011889032377865538,0.005944516188932769,0.9505863757867167,18,0
abrupt-mild,103,1,1,0.003963010792637389,0.011889032377912168,0.005944516188956084,0.9128709291752769,17,0
abrupt-mild,104,1,1,0.003963010792606895,0.011889032377820685,0.005944516188910343,0.9682458365518541,19,0
abrupt-mild,105,1,1,0.003963010792591204,0.011889032377773612,0.005944516188886806,0.9354143466934853,19,0
abrupt-mild,106,1,1,0.003963010792609929,0.011889032377829789,0.0059445161889148945,0.9694116958983827,18,0
abrupt-mild,107,1,1,0.003963010792593942,0.011889032377781827,0.005944516188890914,0.9694116958983827,18,0
abrupt-mild,108,1,1,0.003963010792618664,0.01188903237785599,0.005944516188927995,0.9313806308475994,18,0
abrupt-mild,109,1,1,0.003963010792613113,0.011889032377839337,0.0059445161889196685,0.9863939238321436,20,0
abrupt-mild,110,1,1,0.003963010792696971,0.011889032378090914,0.005944516189045457,0.987420882906575,19,0
abrupt-mild,111,1,1,0.003963010792608228,0.011889032377824682,0.005944516188912341,0.981761387347632,18,0
abrupt-mild,112,1,1,0.003963010792659298,0.011889032377977893,0.005944516188988946,0.9505863757867167,18,0
abrupt-mild,113,1,1,0.003963010792588317,0.011889032377764952,0.005944516188882476,0.987420882906575,19,0
abrupt-mild,114,1,1,0.00396301079265345,0.011889032377960351,0.005944516188980176,0.9322272357358045,17,0
abrupt-mild,115,1,1,0.003963010792758033,0.0118890323782741,0.00594451618913705,0.987420882906575,19,0
abrupt-mild,116,1,1,0.003963010792599124,0.01188903237779737,0.005944516188898685,0.9378262484539215,18,0
abrupt-mild,117,1,1,0.003963010792575068,0.011889032377725206,0.005944516188862603,0.8660254037844387,17,0
abrupt-mild,118,1,1,0.003963010792645901,0.011889032377937703,0.005944516188968851,0.9322272357358045,17,0
abrupt-mild,119,1,1,0.003963010792608375,0.011889032377825126,0.005944516188912563,0.9378262484539215,18,0
abrupt-mild,120,1,1,0.003963010792614519,0.011889032377843556,0.005944516188921778,0.9682458365518541,19,0
abrupt-stress,101,1,1,0.025427058377386198,0.0762811751321586,0.0381405875660793,0.9505863757867167,18,0
abrupt-stress,102,1,1,0.025427058377406553,0.07628117513221966,0.03814058756610983,0.9505863757867167,18,0
abrupt-stress,103,1,1,0.025427058377420392,0.07628117513226118,0.03814058756613059,0.9128709291752769,17,0
abrupt-stress,104,1,1,0.02542705837739197,0.07628117513217592,0.03814058756608796,0.9682458365518541,19,0
abrupt-stress,105,1,1,0.025427058377378204,0.07628117513213462,0.03814058756606731,0.9354143466934853,19,0
abrupt-stress,106,1,1,0.025427058377395007,0.07628117513218502,0.03814058756609251,0.9694116958983827,18,0
abrupt-stress,107,1,1,0.02542705837738109,0.07628117513214328,0.03814058756607164,0.9694116958983827,18,0
abrupt-stress,108,1,1,0.025427058377403444,0.07628117513221033,0.038140587566105166,0.9313806308475994,18,0
abrupt-stress,109,1,1,0.025427058377398264,0.07628117513219479,0.038140587566097395,0.9863939238321436,20,0
abrupt-stress,110,1,1,0.025427058377475758,0.07628117513242727,0.038140587566213635,0.987420882906575,19,0
abrupt-stress,111,1,1,0.02542705837739434,0.07628117513218302,0.03814058756609151,0.981761387347632,18,0
abrupt-stress,112,1,1,0.02542705837744112,0.07628117513232335,0.03814058756616168,0.9505863757867167,18,0
abrupt-stress,113,1,1,0.025427058377374728,0.07628117513212418,0.03814058756606209,0.987420882906575,19,0
abrupt-stress,114,1,1,0.025427058377435047,0.07628117513230515,0.03814058756615257,0.9322272357358045,17,0
abrupt-stress,115,1,1,0.025427058377530454,0.07628117513259136,0.03814058756629568,0.987420882906575,19,0
abrupt-stress,116,1,1,0.025427058377386052,0.07628117513215815,0.038140587566079076,0.9378262484539215,18,0
abrupt-stress,117,1,1,0.025427058377360146,0.07628117513208044,0.03814058756604022,0.8660254037844387,17,0
abrupt-stress,118,1,1,0.025427058377428906,0.07628117513228672,0.03814058756614336,0.9322272357358045,17,0
abrupt-stress,119,1,1,0.02542705837739434,0.07628117513218302,0.03814058756609151,0.9378262484539215,18,0
abrupt-stress,120,1,1,0.02542705837740004,0.07628117513220012,0.03814058756610006,0.9682458365518541,19,0
recurring-stress,101,2,2,0.030854568403130944,0.0762811751321586,0.01907029378303965,0.9505863757867167,12,0
recurring-stress,102,2,2,0.030854568403128352,0.07628117513221966,0.019070293783054915,0.9505863757867167,12,0
recurring-stress,103,2,2,0.030854568403125688,0.07628117513226118,0.019070293783065295,0.9128709291752769,10,0
recurring-stress,104,2,2,0.030854568403128797,0.07628117513217592,0.01907029378304398,0.9682458365518541,14,0
recurring-stress,105,2,2,0.03085456840313124,0.07628117513213462,0.019070293783033654,0.9354143466934853,14,0
recurring-stress,106,2,2,0.030854568403128873,0.07628117513218502,0.019070293783046255,0.9694116958983827,12,0
recurring-stress,107,2,2,0.03085456840313161,0.07628117513214328,0.01907029378303582,0.9694116958983827,12,0
recurring-stress,108,2,2,0.030854568403128207,0.07628117513221033,0.019070293783052583,0.9313806308475994,12,0
recurring-stress,109,2,2,0.030854568403128797,0.07628117513219479,0.019070293783048697,0.9863939238321436,16,0
recurring-stress,110,2,2,0.03085456840311947,0.07628117513242727,0.019070293783106818,0.987420882906575,14,0
recurring-stress,111,2,2,0.03085456840313013,0.07628117513218302,0.019070293783045755,0.981761387347632,12,0
recurring-stress,112,2,2,0.03085456840312406,0.07628117513232335,0.01907029378308084,0.9505863757867167,12,0
recurring-stress,113,2,2,0.03085456840313065,0.07628117513212418,0.019070293783031045,0.987420882906575,14,0
recurring-stress,114,2,2,0.030854568403123617,0.07628117513230515,0.019070293783076286,0.9322272357358045,10,0
recurring-stress,115,2,2,0.03085456840311022,0.07628117513259136,0.01907029378314784,0.987420882906575,14,0
recurring-stress,116,2,2,0.030854568403131315,0.07628117513215815,0.019070293783039538,0.9378262484539215,12,0
recurring-stress,117,2,2,0.030854568403128873,0.07628117513208044,0.01907029378302011,0.8660254037844387,10,0
recurring-stress,118,2,2,0.030854568403125542,0.07628117513228672,0.01907029378307168,0.9322272357358045,10,0
recurring-stress,119,2,2,0.030854568403129834,0.07628117513218302,0.019070293783045755,0.9378262484539215,12,0
recurring-stress,120,2,2,0.03085456840312924,0.07628117513220012,0.01907029378305003,0.9682458365518541,14,0
