scope,target,comparator,metric,primary,n_seed_clusters,mean_difference,ci95_low,ci95_high,target_better_seeds,tied_seeds,target_worse_seeds,interval_status
all_cases,driftqas_racing,reuse,mean_selection_regret,False,20,0.00031454239060540247,-0.0006752996675619338,0.001034314736715328,5,0,15,computed_unadjusted_percentile
all_cases,driftqas_racing,reuse,final_selection_regret,False,20,-0.0020823216633763936,-0.004397886739908139,-0.00043603442643901774,15,0,5,computed_unadjusted_percentile
all_cases,driftqas_racing,reuse,mean_shots,False,20,24.425,15.975,30.975,2,0,18,computed_unadjusted_percentile
all_cases,driftqas_racing,driftqas,mean_selection_regret,False,20,0.0007924385835154715,0.0002827353457236969,0.0013080611206981905,5,0,15,computed_unadjusted_percentile
all_cases,driftqas_racing,driftqas,final_selection_regret,False,20,-0.0008670595368821005,-0.0020918346572776467,0.00013368793879169232,12,0,8,computed_unadjusted_percentile
all_cases,driftqas_racing,driftqas,mean_shots,False,20,24.3,15.749375,30.8,2,0,18,computed_unadjusted_percentile
all_cases,driftqas_racing,ideal_only,mean_selection_regret,False,20,-0.01346933096954413,-0.01603397330533508,-0.01181285085421663,20,0,0,computed_unadjusted_percentile
all_cases,driftqas_racing,ideal_only,final_selection_regret,False,20,-0.021139722712573934,-0.02426111787100502,-0.019286183141421116,20,0,0,computed_unadjusted_percentile
all_cases,driftqas_racing,ideal_only,mean_shots,False,20,1631.175,1622.048125,1637.8,0,0,20,computed_unadjusted_percentile
all_cases,driftqas_racing,fresh_racing,mean_selection_regret,False,20,-0.0012513658391992096,-0.0022870410568974118,-0.0002634089088065893,13,0,7,computed_unadjusted_percentile
all_cases,driftqas_racing,fresh_racing,final_selection_regret,False,20,-0.0024674368566024616,-0.004829504648496027,-0.0003382288081041929,13,1,6,computed_unadjusted_percentile
all_cases,driftqas_racing,fresh_racing,mean_shots,False,20,-8.825,-18.175,-2.2,9,11,0,computed_unadjusted_percentile
all_cases,driftqas_racing,reuse_racing,mean_selection_regret,True,20,-0.0069860054290769415,-0.009008835550751158,-0.005001400418202571,19,0,1,computed_unadjusted_percentile
all_cases,driftqas_racing,reuse_racing,final_selection_regret,False,20,-0.001895386080039954,-0.004458854519715951,-8.647925708649682e-05,10,4,6,computed_unadjusted_percentile
all_cases,driftqas_racing,reuse_racing,mean_shots,False,20,-8.5,-17.425,-1.875,9,11,0,computed_unadjusted_percentile
all_cases,driftqas_racing,global_racing,mean_selection_regret,False,20,0.0002440495852556658,-0.00019169704042773042,0.0007258060916859417,6,3,11,computed_unadjusted_percentile
all_cases,driftqas_racing,global_racing,final_selection_regret,False,20,0.00039201441987708475,-0.0005555236343203473,0.0013308954808900731,5,6,9,computed_unadjusted_percentile
all_cases,driftqas_racing,global_racing,mean_shots,False,20,-0.8,-12.275,10.051249999999982,7,9,4,computed_unadjusted_percentile
all_cases,driftqas_racing,driftqas_racing_uniform,mean_selection_regret,False,20,0.00024306671499176591,-0.000781997553417259,0.001193978012060133,10,0,10,computed_unadjusted_percentile
all_cases,driftqas_racing,driftqas_racing_uniform,final_selection_regret,False,20,0.0005542291114147918,-0.00041519229377097287,0.001476273153058104,7,1,12,computed_unadjusted_percentile
all_cases,driftqas_racing,driftqas_racing_uniform,mean_shots,False,20,-6.575,-16.025,0.0,3,17,0,computed_unadjusted_percentile
stable,driftqas_racing,reuse,mean_selection_regret,False,20,0.0009848062651723443,5.1450176462572375e-05,0.0018992763112584278,5,1,14,computed_unadjusted_percentile
stable,driftqas_racing,reuse,final_selection_regret,False,20,-0.000573265203763107,-0.0019217429010086064,0.0007147148226989735,6,8,6,computed_unadjusted_percentile
stable,driftqas_racing,reuse,mean_shots,False,20,35.5,33.5,37.5,0,0,20,computed_unadjusted_percentile
stable,driftqas_racing,driftqas,mean_selection_regret,False,20,0.0009848062651723443,2.3500911559248002e-05,0.0018965593782474235,5,1,14,computed_unadjusted_percentile
stable,driftqas_racing,driftqas,final_selection_regret,False,20,-0.000573265203763107,-0.001977418202746033,0.0006992984944288776,6,8,6,computed_unadjusted_percentile
stable,driftqas_racing,driftqas,mean_shots,False,20,35.5,33.5,37.5,0,0,20,computed_unadjusted_percentile
stable,driftqas_racing,ideal_only,mean_selection_regret,False,20,0.002641184610993286,0.0016413630664317805,0.003700818500206925,0,1,19,computed_unadjusted_percentile
stable,driftqas_racing,ideal_only,final_selection_regret,False,20,0.0019166708709401291,0.0008847301629555238,0.003007623714223818,0,3,17,computed_unadjusted_percentile
stable,driftqas_racing,ideal_only,mean_shots,False,20,1640.0,1640.0,1640.0,0,0,20,computed_unadjusted_percentile
stable,driftqas_racing,fresh_racing,mean_selection_regret,False,20,-0.001008213341707323,-0.0022808442752804197,0.00010209446494822651,12,0,8,computed_unadjusted_percentile
stable,driftqas_racing,fresh_racing,final_selection_regret,False,20,-0.0013921065680081225,-0.0036723843378670086,0.0006814906771084783,9,4,7,computed_unadjusted_percentile
stable,driftqas_racing,fresh_racing,mean_shots,False,20,0.0,0.0,0.0,0,20,0,computed_unadjusted_percentile
stable,driftqas_racing,reuse_racing,mean_selection_regret,False,20,0.0,0.0,0.0,0,20,0,computed_unadjusted_percentile
stable,driftqas_racing,reuse_racing,final_selection_regret,False,20,0.0,0.0,0.0,0,20,0,computed_unadjusted_percentile
stable,driftqas_racing,reuse_racing,mean_shots,False,20,0.0,0.0,0.0,0,20,0,computed_unadjusted_percentile
stable,driftqas_racing,global_racing,mean_selection_regret,False,20,0.0,0.0,0.0,0,20,0,computed_unadjusted_percentile
stable,driftqas_racing,global_racing,final_selection_regret,False,20,0.0,0.0,0.0,0,20,0,computed_unadjusted_percentile
stable,driftqas_racing,global_racing,mean_shots,False,20,0.0,0.0,0.0,0,20,0,computed_unadjusted_percentile
stable,driftqas_racing,driftqas_racing_uniform,mean_selection_regret,False,20,0.0006924753129989386,-0.00017021819099170433,0.001585830779343744,5,1,14,computed_unadjusted_percentile
stable,driftqas_racing,driftqas_racing_uniform,final_selection_regret,False,20,0.0011390764298803702,-1.1732303770999873e-05,0.0024236881535472776,2,7,11,computed_unadjusted_percentile
stable,driftqas_racing,driftqas_racing_uniform,mean_shots,False,20,0.0,0.0,0.0,0,20,0,computed_unadjusted_percentile
abrupt-mild,driftqas_racing,reuse,mean_selection_regret,False,20,-0.000343437304990743,-0.0024260895013822944,0.0018038521774201859,11,0,9,computed_unadjusted_percentile
abrupt-mild,driftqas_racing,reuse,final_selection_regret,False,20,-0.005368207501021327,-0.00834873575923192,-0.002382389003712291,12,5,3,computed_unadjusted_percentile
abrupt-mild,driftqas_racing,reuse,mean_shots,False,20,30.0,25.5,34.0,0,1,19,computed_unadjusted_percentile
abrupt-mild,driftqas_racing,driftqas,mean_selection_regret,False,20,0.0005534409609860652,-0.0016812432141354143,0.002867956679024958,9,0,11,computed_unadjusted_percentile
abrupt-mild,driftqas_racing,driftqas,final_selection_regret,False,20,-0.004525508100973441,-0.009645484019956503,-0.0005947832587734803,7,11,2,computed_unadjusted_percentile
abrupt-mild,driftqas_racing,driftqas,mean_shots,False,20,29.5,25.5,33.5,0,0,20,computed_unadjusted_percentile
abrupt-mild,driftqas_racing,ideal_only,mean_selection_regret,False,20,-0.0006222782134451766,-0.0028626021510059327,0.0013942039752075552,11,0,9,computed_unadjusted_percentile
abrupt-mild,driftqas_racing,ideal_only,final_selection_regret,False,20,-0.008664596557555648,-0.012103331182584378,-0.005335874717067981,13,3,4,computed_unadjusted_percentile
abrupt-mild,driftqas_racing,ideal_only,mean_shots,False,20,1637.0,1635.0,1639.0,0,0,20,computed_unadjusted_percentile
abrupt-mild,driftqas_racing,fresh_racing,mean_selection_regret,False,20,-0.0007309977279097796,-0.0031693656403961766,0.0015707578072957477,10,0,10,computed_unadjusted_percentile
abrupt-mild,driftqas_racing,fresh_racing,final_selection_regret,False,20,-0.010137277788774945,-0.019171164751608866,-0.002482595165559983,12,4,4,computed_unadjusted_percentile
abrupt-mild,driftqas_racing,fresh_racing,mean_shots,False,20,-3.0,-5.0,-1.0,6,14,0,computed_unadjusted_percentile
abrupt-mild,driftqas_racing,reuse_racing,mean_selection_regret,False,20,-0.0031638300806618004,-0.007628832994279612,0.0005251108251083196,11,3,6,computed_unadjusted_percentile
abrupt-mild,driftqas_racing,reuse_racing,final_selection_regret,False,20,-0.006636606523882827,-0.015033373248649803,-0.001172017553040325,8,10,2,computed_unadjusted_percentile
abrupt-mild,driftqas_racing,reuse_racing,mean_shots,False,20,-3.0,-5.0,-1.0,6,14,0,computed_unadjusted_percentile
abrupt-mild,driftqas_racing,global_racing,mean_selection_regret,False,20,0.0009328327186741703,-0.0006508691384367632,0.0027604827208685344,5,7,8,computed_unadjusted_percentile
abrupt-mild,driftqas_racing,global_racing,final_selection_regret,False,20,0.0011962992012889972,-0.0017975697551583132,0.004189586566591273,4,10,6,computed_unadjusted_percentile
abrupt-mild,driftqas_racing,global_racing,mean_shots,False,20,-3.0,-5.0,-1.0,6,14,0,computed_unadjusted_percentile
abrupt-mild,driftqas_racing,driftqas_racing_uniform,mean_selection_regret,False,20,0.0021788233015002435,0.00022989146657326174,0.0043890088727230395,7,2,11,computed_unadjusted_percentile
abrupt-mild,driftqas_racing,driftqas_racing_uniform,final_selection_regret,False,20,0.0005677674928149745,-0.0030148645510320823,0.004153529882711275,7,8,5,computed_unadjusted_percentile
abrupt-mild,driftqas_racing,driftqas_racing_uniform,mean_shots,False,20,0.0,0.0,0.0,0,20,0,computed_unadjusted_percentile
abrupt-stress,driftqas_racing,reuse,mean_selection_regret,False,20,-5.821874059998011e-05,-0.002425759480389436,0.0015947300606307339,6,3,11,computed_unadjusted_percentile
abrupt-stress,driftqas_racing,reuse,final_selection_regret,False,20,-0.0038141999359614376,-0.011442572132844544,2.2680274115449705e-07,2,17,1,computed_unadjusted_percentile
abrupt-stress,driftqas_racing,reuse,mean_shots,False,20,3.2,-33.9,28.7,2,0,18,computed_unadjusted_percentile
abrupt-stress,driftqas_racing,driftqas,mean_selection_regret,False,20,0.0008952886422530614,0.0001173218638056426,0.001742887045617279,6,3,11,computed_unadjusted_percentile
abrupt-stress,driftqas_racing,driftqas,final_selection_regret,False,20,-1.4107641546079464e-07,-7.634333603181997e-07,3.402041007954937e-07,1,18,1,computed_unadjusted_percentile
abrupt-stress,driftqas_racing,driftqas,mean_shots,False,20,1.7,-35.4,27.5,2,0,18,computed_unadjusted_percentile
abrupt-stress,driftqas_racing,ideal_only,mean_selection_regret,False,20,-0.03751961396370872,-0.04302573460580292,-0.03351827308231454,20,0,0,computed_unadjusted_percentile
abrupt-stress,driftqas_racing,ideal_only,final_selection_regret,False,20,-0.08052997872227323,-0.08903081790210951,-0.07627828333660011,20,0,0,computed_unadjusted_percentile
abrupt-stress,driftqas_racing,ideal_only,mean_shots,False,20,1610.7,1572.6,1636.5,0,0,20,computed_unadjusted_percentile
abrupt-stress,driftqas_racing,fresh_racing,mean_selection_regret,False,20,-0.001340616343313694,-0.004610678157410402,0.0011651785720250263,8,2,10,computed_unadjusted_percentile
abrupt-stress,driftqas_racing,fresh_racing,final_selection_regret,False,20,8.266730649797438e-07,-6.378313483823561e-07,3.004449202015369e-06,1,17,2,computed_unadjusted_percentile
abrupt-stress,driftqas_racing,fresh_racing,mean_shots,False,20,-29.3,-66.3025,-3.5,9,11,0,computed_unadjusted_percentile
abrupt-stress,driftqas_racing,reuse_racing,mean_selection_regret,False,20,-0.012517316688457712,-0.017492398125365682,-0.007640854315690026,13,7,0,computed_unadjusted_percentile
abrupt-stress,driftqas_racing,reuse_racing,final_selection_regret,False,20,1.1340137011650597e-07,0.0,3.402041099276332e-07,0,19,1,computed_unadjusted_percentile
abrupt-stress,driftqas_racing,reuse_racing,mean_shots,False,20,-28.0,-65.0,-1.7975000000000365,8,11,1,computed_unadjusted_percentile
abrupt-stress,driftqas_racing,global_racing,mean_selection_regret,False,20,2.6921001079760476e-07,-1.219810393665588e-10,7.794016574647761e-07,1,17,2,computed_unadjusted_percentile
abrupt-stress,driftqas_racing,global_racing,final_selection_regret,False,20,1.1340137220372526e-07,-4.7628567756419214e-15,3.402041152344992e-07,0,19,1,computed_unadjusted_percentile
abrupt-stress,driftqas_racing,global_racing,mean_shots,False,20,-8.1,-50.5,30.0,8,9,3,computed_unadjusted_percentile
abrupt-stress,driftqas_racing,driftqas_racing_uniform,mean_selection_regret,False,20,-0.001195585825007403,-0.004033178078226773,0.0009649293883960137,5,7,8,computed_unadjusted_percentile
abrupt-stress,driftqas_racing,driftqas_racing_uniform,final_selection_regret,False,20,-1.41076412440988e-07,-7.634333559991546e-07,3.402041091069008e-07,1,18,1,computed_unadjusted_percentile
abrupt-stress,driftqas_racing,driftqas_racing_uniform,mean_shots,False,20,-26.3,-64.1,0.0,3,17,0,computed_unadjusted_percentile
recurring-stress,driftqas_racing,reuse,mean_selection_regret,False,20,0.0006750193428399886,-0.0005097442059472271,0.0018964110458907983,7,1,12,computed_unadjusted_percentile
recurring-stress,driftqas_racing,reuse,final_selection_regret,False,20,0.0014263859872402974,-0.0005896240859797808,0.0036676749669810934,5,5,10,computed_unadjusted_percentile
recurring-stress,driftqas_racing,reuse,mean_shots,False,20,29.0,25.5,32.5,0,0,20,computed_unadjusted_percentile
recurring-stress,driftqas_racing,driftqas,mean_selection_regret,False,20,0.000736218465650415,-0.0004015581392899312,0.0019603727567054367,6,2,12,computed_unadjusted_percentile
recurring-stress,driftqas_racing,driftqas,final_selection_regret,False,20,0.001630676233623607,-0.00032165028490068495,0.0038219131193735606,4,6,10,computed_unadjusted_percentile
recurring-stress,driftqas_racing,driftqas,mean_shots,False,20,30.5,27.5,33.5,0,0,20,computed_unadjusted_percentile
recurring-stress,driftqas_racing,ideal_only,mean_selection_regret,False,20,-0.01837661631201592,-0.021289505219822907,-0.016372915095860717,20,0,0,computed_unadjusted_percentile
recurring-stress,driftqas_racing,ideal_only,final_selection_regret,False,20,0.0027190135585930197,0.0011091485324775377,0.004690898072836493,0,3,17,computed_unadjusted_percentile
recurring-stress,driftqas_racing,ideal_only,mean_shots,False,20,1637.0,1635.0,1639.0,0,0,20,computed_unadjusted_percentile
recurring-stress,driftqas_racing,fresh_racing,mean_selection_regret,False,20,-0.0019256359438660415,-0.005259874757505537,0.0006441424024206057,10,1,9,computed_unadjusted_percentile
recurring-stress,driftqas_racing,fresh_racing,final_selection_regret,False,20,0.0016588102573082408,-3.134315726775301e-05,0.0037737923804066842,6,5,9,computed_unadjusted_percentile
recurring-stress,driftqas_racing,fresh_racing,mean_shots,False,20,-3.0,-5.0,-1.0,6,14,0,computed_unadjusted_percentile
recurring-stress,driftqas_racing,reuse_racing,mean_selection_regret,False,20,-0.012262874947188246,-0.018247859073750993,-0.006761186508912799,15,1,4,computed_unadjusted_percentile
recurring-stress,driftqas_racing,reuse_racing,final_selection_regret,False,20,-0.0009450511976471065,-0.004753355400247227,0.002741962344145923,6,5,9,computed_unadjusted_percentile
recurring-stress,driftqas_racing,reuse_racing,mean_shots,False,20,-3.0,-5.0,-1.0,6,14,0,computed_unadjusted_percentile
recurring-stress,driftqas_racing,global_racing,mean_selection_regret,False,20,4.309641233769534e-05,-0.0003757787331048987,0.000561021412350146,3,13,4,computed_unadjusted_percentile
recurring-stress,driftqas_racing,global_racing,final_selection_regret,False,20,0.000371645076847138,-0.0012889724001907466,0.002442381754652201,2,16,2,computed_unadjusted_percentile
recurring-stress,driftqas_racing,global_racing,mean_shots,False,20,7.9,-4.0,30.2,5,14,1,computed_unadjusted_percentile
recurring-stress,driftqas_racing,driftqas_racing_uniform,mean_selection_regret,False,20,-0.0007034459295247153,-0.002942002596145887,0.0008311539649002313,8,5,7,computed_unadjusted_percentile
recurring-stress,driftqas_racing,driftqas_racing_uniform,final_selection_regret,False,20,0.0005102135993762635,-0.000996551949656893,0.0024714195128575363,4,11,5,computed_unadjusted_percentile
recurring-stress,driftqas_racing,driftqas_racing_uniform,mean_shots,False,20,0.0,0.0,0.0,0,20,0,computed_unadjusted_percentile
