scope,policy,n_seed_clusters,n_cases,mean_selection_regret,final_selection_regret,mean_shots,budget_utilization,confirmation_coverage_95,model_coverage_95,confirmation_zero_se_fraction,mean_confirmation_standard_error,mean_model_standard_deviation,mean_absolute_prediction_error
all_cases,reuse,20,4,0.0031326560009491593,0.004534083699735178,2014.75,0.9837646484375,0.91875,0.453125,0.0,0.01730638430288616,0.009856273527000123,0.01943580558410467
all_cases,driftqas,20,4,0.00265475980803909,0.003318821573240885,2014.875,0.98382568359375,0.925,0.4875,0.0,0.01720845409124833,0.00972731206562619,0.018748879844964032
all_cases,ideal_only,20,4,0.016916529361098696,0.023591484748932717,408.0,0.19921875,0.91875,1.0,0.0,0.020183376836558728,0.10000000000000002,0.02602932893236065
all_cases,fresh_racing,20,4,0.004698564230753771,0.004919198892961246,2048.0,1.0,0.925,0.671875,0.0,0.016990719330440968,0.02514793173598409,0.04167228945223144
all_cases,reuse_racing,20,4,0.010433203820631504,0.004347148116398738,2047.675,0.99984130859375,0.921875,0.646875,0.0,0.017718774222786303,0.014220113914078375,0.030439669526203056
all_cases,global_racing,20,4,0.003203148806298896,0.0020597476164816997,2039.975,0.99608154296875,0.90625,0.7375,0.0,0.016550842638853293,0.01723909988766594,0.02576385167623895
all_cases,driftqas_racing,20,4,0.0034471983915545616,0.0024517620363587846,2039.175,0.99569091796875,0.909375,0.740625,0.0,0.01659137117816422,0.01565656388528657,0.023890695319512274
all_cases,driftqas_racing_uniform,20,4,0.0032041316765627956,0.0018975329249439927,2045.75,0.9989013671875,0.946875,0.809375,0.0,0.016992044292126314,0.0171051640655471,0.023106304183727156
stable,reuse,20,1,0.0018565976646932937,0.0026901553935755884,2012.5,0.982666015625,0.9375,0.4,0.0,0.017979263414990777,0.009492589507872028,0.018839974082403586
stable,driftqas,20,1,0.0018565976646932937,0.0026901553935755884,2012.5,0.982666015625,0.9375,0.4,0.0,0.017979263414990777,0.009492589507872028,0.018839974082403586
stable,ideal_only,20,1,0.00020021931887235223,0.00020021931887235223,408.0,0.19921875,0.925,1.0,0.0,0.018154273950176426,0.10000000000000002,0.004224728241023523
stable,fresh_racing,20,1,0.003849617271572961,0.003508996757820604,2048.0,1.0,0.9375,0.6125,0.0,0.017343932934531014,0.025171972991861573,0.044166274597244
stable,reuse_racing,20,1,0.0028414039298656378,0.0021168901898124814,2048.0,1.0,0.925,0.775,0.0,0.017739139206836882,0.013514136070118398,0.0192173179726206
stable,global_racing,20,1,0.0028414039298656378,0.0021168901898124814,2048.0,1.0,0.925,0.775,0.0,0.017739139206836882,0.013514136070118398,0.0192173179726206
stable,driftqas_racing,20,1,0.0028414039298656378,0.0021168901898124814,2048.0,1.0,0.925,0.775,0.0,0.017739139206836882,0.013514136070118398,0.0192173179726206
stable,driftqas_racing_uniform,20,1,0.0021489286168666993,0.0009778137599321113,2048.0,1.0,0.9875,0.8625,0.0,0.01790898588711992,0.01585297041176354,0.020518425177113046
abrupt-mild,reuse,20,1,0.006538490652969378,0.01013805474744095,2015.0,0.98388671875,0.9125,0.3375,0.0,0.01853359019968399,0.010626558809540498,0.024801980256393186
abrupt-mild,driftqas,20,1,0.00564161238699257,0.009295355347393064,2015.5,0.984130859375,0.925,0.4625,0.0,0.01844410505606301,0.010555271356146687,0.02284117480076354
abrupt-mild,ideal_only,20,1,0.006817331561423811,0.01343444380397527,408.0,0.19921875,0.9,1.0,0.0,0.01927722670295614,0.10000000000000002,0.018983105522152238
abrupt-mild,fresh_racing,20,1,0.006926051075888414,0.014907125035194568,2048.0,1.0,0.9,0.6,0.0,0.017920477090296993,0.02758929479938107,0.04873901461618604
abrupt-mild,reuse_racing,20,1,0.009358883428640436,0.011406453770302449,2048.0,1.0,0.9,0.425,0.0,0.018454855438709384,0.014801372131428268,0.03375078230578532
abrupt-mild,global_racing,20,1,0.005262220629304465,0.0035735480451306255,2048.0,1.0,0.9,0.725,0.0,0.016906329694202978,0.020463599986112628,0.03150669737548944
abrupt-mild,driftqas_racing,20,1,0.006195053347978635,0.004769847246419623,2045.0,0.99853515625,0.9,0.6875,0.0,0.017152337644393407,0.01830651518150637,0.029201870811461896
abrupt-mild,driftqas_racing_uniform,20,1,0.004016230046478391,0.004202079753604648,2045.0,0.99853515625,0.9125,0.8,0.0,0.017571294373531256,0.01914914080010948,0.024593762726384128
abrupt-stress,reuse,20,1,0.002904242713332886,0.003815277767699099,2015.5,0.984130859375,0.925,0.5625,0.0,0.015538913438027425,0.009404608032419388,0.017570601585587486
abrupt-stress,driftqas,20,1,0.0019507353304798441,1.2189081531222e-06,2017.0,0.98486328125,0.9375,0.575,0.0,0.015427151321180943,0.009257999543751439,0.01672642785013367
abrupt-stress,ideal_only,20,1,0.04036563793644162,0.0805310565540109,408.0,0.19921875,0.9125,1.0,0.0,0.022431396697530276,0.10000000000000002,0.052531411897170054
abrupt-stress,fresh_racing,20,1,0.0041866403160466,2.511586726816617e-07,2048.0,1.0,0.9,0.7625,0.0,0.015735960182894124,0.023792992524409994,0.03406460479074131
abrupt-stress,reuse_racing,20,1,0.015363340661190616,9.644303675448994e-07,2046.7,0.999365234375,0.925,0.65,0.0,0.01718941064387814,0.014556624463685209,0.0375436205811705
abrupt-stress,global_racing,20,1,0.002845754762722108,9.644303654576802e-07,2026.8,0.9896484375,0.9125,0.75,0.0,0.01483530047967099,0.017968063368570673,0.02594544135628831
abrupt-stress,driftqas_racing,20,1,0.0028460239727329056,1.0778317376614056e-06,2018.7,0.985693359375,0.8875,0.8,0.0,0.014829098398059595,0.015581349256887797,0.023364275943781522
abrupt-stress,driftqas_racing_uniform,20,1,0.0040416097977403085,1.2189081501023936e-06,2045.0,0.99853515625,0.9375,0.825,0.0,0.015844250396861388,0.016381054617579067,0.02143974424216419
recurring-stress,reuse,20,1,0.001231292972801079,0.0014928468902250746,2016.0,0.984375,0.9,0.5125,0.0,0.017173770158842465,0.009901337758168583,0.016530666412034427
recurring-stress,driftqas,20,1,0.0011700938499906526,0.001288556643841765,2014.5,0.983642578125,0.9,0.5125,0.0,0.016983296572758586,0.009603387854734607,0.016587942646555335
recurring-stress,ideal_only,20,1,0.020282928627656988,0.00020021931887235223,408.0,0.19921875,0.9375,1.0,0.0,0.020870609995572068,0.10000000000000002,0.028378070069096796
recurring-stress,fresh_racing,20,1,0.0038319482595071093,0.0012604226201571311,2048.0,1.0,0.9625,0.7125,0.0,0.01696250711404173,0.024037466628283738,0.039719263804754414
recurring-stress,reuse_racing,20,1,0.014169187262829314,0.0038642840751124787,2048.0,1.0,0.9375,0.7375,0.0,0.017491691601720802,0.01400832299108162,0.031246957245235785
recurring-stress,global_racing,20,1,0.0018632159033033723,0.002547587800618234,2037.1,0.994677734375,0.8875,0.7,0.0,0.016722601174702315,0.017010600125862068,0.02638595000055747
recurring-stress,driftqas_racing,20,1,0.0019063123156410678,0.002919232877465372,2045.0,0.99853515625,0.925,0.7,0.0,0.016644909463366993,0.01522425503263373,0.02377931655018508
recurring-stress,driftqas_racing_uniform,20,1,0.002609758245165783,0.0024090192780891083,2045.0,0.99853515625,0.95,0.75,0.0,0.016643646510992694,0.01703749043273631,0.02587328458924726
