policy,epoch,candidate_id,shots,budget_limit,confirmation_energy,confirmation_standard_error,audit_energy,best_library_energy,selection_regret,ground_state_excess
restart,0,ba25c9ab660a7770,8192,8192,-1.84578883175279,0.008916071524700442,-1.843700547642176,-1.853250521280045,0.009549973637869025,0.013574482560203549
restart,1,80a64a6b7d586fa6,8038,8192,-1.8340960673968856,0.006325314058035325,-1.8369679912029073,-1.8369679912029782,7.083222897108499e-14,0.02030703899947217
restart,2,2d0663f151883e6f,8038,8192,-1.8416072527359135,0.00632403111705075,-1.8369679912029782,-1.8369679912029782,0.0,0.02030703899940134
reuse,0,ba25c9ab660a7770,8192,8192,-1.84578883175279,0.008916071524700442,-1.843700547642176,-1.853250521280045,0.009549973637869025,0.013574482560203549
reuse,1,2d0663f151883e6f,8038,8192,-1.832770564101763,0.006324408479650188,-1.8369679912029782,-1.8369679912029782,0.0,0.02030703899940134
reuse,2,2d0663f151883e6f,8038,8192,-1.8416072527359135,0.00632403111705075,-1.8369679912029782,-1.8369679912029782,0.0,0.02030703899940134
driftqas,0,ba25c9ab660a7770,8192,8192,-1.84578883175279,0.008916071524700442,-1.843700547642176,-1.853250521280045,0.009549973637869025,0.013574482560203549
driftqas,1,596008601ae343c2,8038,8192,-1.8425721509073412,0.009866876125288079,-1.825078958825018,-1.8369679912029782,0.01188903237796013,0.03219607137736147
driftqas,2,596008601ae343c2,8038,8192,-1.806036214467909,0.012319133174845747,-1.825078958825018,-1.8369679912029782,0.01188903237796013,0.03219607137736147
